food_name,dietary_fiber
籼米,5.90g
籼米粥,0.70g
樱桃番茄[小西红柿],1.80g
甜椒[灯笼椒、柿子椒],1.30g
彩椒,3.30g
秋葵[黄秋葵、羊角豆],4.40g
飞碟瓜,2.50g
秋黄瓜[旱黄瓜],0.90g
南瓜(栗面),2.70g
奶白菜,2.30g
鸡毛菜,2.10g
娃娃菜,2.30g
乌塌菜[塌菜、塌棵菜],2.60g
结球甘蓝(紫),3.00g
抱子甘蓝,6.60g
羽衣甘蓝,3.70g
盖菜,2.00g
番杏[新西兰菠菜、夏菠菜],2.60g
樱桃萝卜缨,2.70g
白凤菜,3.20g
紫背天葵[红风菜、血皮菜],2.60g
结球菊苣,2.70g
软化白菊苣,1.70g
鱼腥草(叶)[蕺菜、臭菜],9.60g
鱼腥草(根),11.80g
茶树菇(干)[柱状田头菇、油茶菇],15.40g
黄伞菇(干)[多脂鳞伞、黄丝菌],28.10g
鸡腿菇(干)[毛头鬼伞],18.80g
鸡枞(干),23.30g
牛肝菌(白、干)[美味牛肝菌],21.50g
乳牛肝菌(干)[粘盖牛肝菌、松树菌],43.00g
裙带菜(干)[海芥菜、海木耳],40.60g
蛇果,1.60g
布朗,1.40g
西梅,1.50g
冬枣,3.80g
红提子葡萄,0.90g
无花果(干),13.30g
葡萄柚(台湾)[西柚],1.20g
葡萄柚(以色列)[西柚],1.80g
红毛丹,1.50g
火龙果[仙蜜果、红龙果],2.00g
榴莲,1.70g
开心果(熟),8.20g
牛乳(光明牌),0.00g
牛乳(乐百氏牌),0.00g
牛乳(帕玛拉特牌),0.00g
牛乳(三元牌),0.00g
牛乳(完达山牌),0.00g
牛乳(龙丹牌),0.00g
牛乳(蒙牛牌),0.00g
牛乳(新南洋牌),0.00g
牛乳(帕玛拉特),0.00g
牛乳(伊利牌),0.00g
牛乳(部分脱脂，帕玛拉特),0.00g
牛乳(脱脂，帕玛拉特),0.00g
牛乳(强化锌、钙，帕玛拉特),0.00g
牛奶(草莓味，卡夫牌),0.00g
牛奶(巧克力味，卡夫牌),0.00g
牛奶(巧克力味，三元牌),0.00g
学生奶,0.00g
儿童奶粉(适体健，美赞臣),2.50g
酸奶(果粒),0.10g
奶酪(光明牌),0.00g
奶酪(骑士牌),0.00g
低脂奶酪,0.00g
硬质干酪,0.00g
全脂甜炼乳(雀巢),0.00g
全脂甜炼乳(燕山牌),0.00g
脱脂甜炼乳,0.00g
荷包蛋(油煎),0.00g
荷包蛋(煮),0.00g
海鸭蛋,0.00g
咸鸭蛋(煮),0.00g
鹅蛋(煮),0.00g
金枪鱼(盐水浸),0.00g
金枪鱼(油浸),0.00g
沙丁鱼(盐水浸),0.00g
沙丁鱼(油浸),0.00g
鳕鱼(烤),0.00g
鳕鱼(炸),0.40g
海蚌[西施舌],0.00g
甲鱼蛋,0.00g
婴儿配方奶粉(美素力1),1.90g
较大婴儿配方奶粉(美素乐2),2.60g
幼儿奶粉(美素高),2.70g
胡萝卜苹果泥(亨氏),1.10g
鸡肝蔬菜泥(亨氏),0.60g
香甜胡萝卜泥(亨氏),2.20g
米粉(高蛋白，亨氏),2.30g
春卷(素馅),3.50g
黑芝麻汤圆,2.00g
醪糟,0.50g
煎饼,8.10g
月饼(蛋黄),1.50g
月饼(豆沙),4.40g
月饼(桂花板栗),4.00g
沙琪玛蛋酥,3.00g
早餐奶,Tr
八宝粥(康师傅牌),0.50g
八宝粥(亲亲牌),0.80g
八宝粥(同茂牌),0.40g
八宝粥(娃哈哈牌),0.60g
八宝粥(无糖，娃哈哈牌),1.40g
八宝粥(椰树牌),2.10g
黑芝麻糊粉,4.20g
麦片,6.50g
麦片(原味香奶),6.30g
燕麦片,13.20g
燕麦片(果仁、甜),6.90g
玉米片,3.50g
玉米片(低钠),1.10g
海鲜方便面调味料,0.00g
红烧牛肉方便面(含调味料),1.40g
铁板牛肉炒面(含调味料),3.80g
铁板牛肉炒面面饼,4.40g
铁板牛肉炒面调味料,0.00g
冬菜虾仁馄饨,2.30g
韭菜合子,1.40g
糯米饭团,1.10g
什锦炒饭,2.00g
虾仁炒饭,2.70g
饼干(三明治),4.60g
饼干(夹心),5.10g
饼干(苏打夹心),5.20g
包子(猪肉馅),1.70g
雪米饼,2.90g
蛋酥卷,10.60g
巧克力派,3.50g
法式卷饼,5.00g
立体脆,6.60g
粟米脆,2.00g
通心脆,6.30g
洋葱圈,1.80g
锅巴(豆香),3.60g
锅巴(小米),5.10g
海苔,46.40g
香菇片,20.80g
薯片(烧烤味),4.20g
薯片(香辣味),5.30g
薯圈,5.00g
怪味胡豆,8.70g
奶油五香豆,29.80g
夹心米果,1.40g
乐芙球,9.50g
玉米花,9.90g
果冻(草莓水果冻),Tr
果冻(蒟蒻冻),0.50g
果冻(蒟蒻椰果冻),0.50g
可口可乐,0.00g
菠萝汁饮料(大湖牌),0.10g
苹果汁饮料(光明牌),0.10g
橙汁饮料(茹梦牌),0.20g
山楂果肉饮料,0.70g
酸枣果汁饮料,Tr
西番莲汁饮料,Tr
西柚汁饮料,0.30g
胡萝卜汁饮料,0.40g
柠檬茶,Tr
冰淇淋(草莓味),0.90g
冰淇淋(苦咖啡味),Tr
冰淇淋(加奶油),Tr
冰淇淋(花心筒),0.80g
冰淇淋(金白合),0.80g
雪糕(百乐宝),Tr
雪糕(红豆缘),1.70g
棒冰(可乐冰),0.00g
棒冰(七彩旋),0.00g
啤酒(4.3％，青岛牌),0.00g
啤酒(4％，燕京牌),0.00g
啤酒(5.1％，生力牌),0.00g
葡萄酒(干白，11％，长城牌),0.00g
葡萄酒(干白，12％，张裕牌),0.00g
葡萄酒(半干白，11.5％，王朝牌),0.00g
葡萄酒(干红，11.5％，长城牌),0.00g
葡萄酒(干红，11.5％，王朝牌),0.00g
葡萄酒(干红，12％，张裕牌),0.00g
黑加仑酒(8％),0.00g
雪利酒,0.00g
花雕酒(16.5％),0.00g
董酒(浓香型，46％),0.00g
二锅头(56%),0.00g
汾酒(清香型，53％),0.00g
古井贡酒(浓香型，38％),0.00g
剑南春(52％),0.00g
剑南春(浓香型，38％),0.00g
京酒(浓香型，38％),0.00g
茅台酒(53％),0.00g
五粮液(52％),0.00g
竹叶青酒(45％),0.00g
金奖白兰地(38％),0.00g
伏特加,0.00g
威士忌,0.00g
苹果酒(干型),0.00g
苹果酒(甜),0.00g
鸡尾酒,0.00g
马提尼酒(32%),0.00g
夹心糖,Tr
水果味软糖,0.10g
酸奶软糖,Tr
巧克力(黑),5.90g
冰糖酸角,6.90g
甘草杏,12.50g
雪梅,13.00g
九制梅肉,17.10g
九制西梅,14.10g
九制应子,13.10g
梅脯,4.50g
黑贡枣,6.40g
核桃油,0.00g
栗米油[玉米胚芽油],0.00g
米糠油,0.00g
油茶籽油,0.00g
芝麻油[香油],0.00g
大豆色拉油,0.00g
色拉油,0.00g
花生酱(加巧克力),8.20g
千岛沙拉酱,1.10g
奶油攀司,0.00g
草莓酱,1.00g
番茄沙司,1.40g
剁辣椒,5.90g
腌大头菜,4.20g
腌芥菜头,3.30g
腌萝卜条,5.70g
榨菜(正林牌),3.30g
鸡精,0.70g
料酒,0.00g
橙汁饮料(光明牌),0.20g
荔枝(干),5.30g
咖喱粉,36.90g
咖啡豆,55.10g
咖啡粉,0.00g
生抽,Tr
